Geographical Area (GA),Total,Total population,No. of trees that can be planted (21kg = 1 tree),Grass Land Area in KM^2 (1000m^2=1/44 tons of CO2)
1841.0,1406.17,36842.0,-32995434.6,-188.97
3736.0,3070.53,105597.0,-67931845.62,-389.06
2672.0,2266.08,238142.0,-23904056.88,-136.91
8249.0,6742.78,380581.0,-124831337.09,-714.94
16105.0,5721.32,2741239.0,210276356.86,1204.31
19130.0,986.83,4081148.0,522078362.83,2990.09
15152.0,3200.43,4174064.0,473151092.61,2709.87
12805.0,4994.1,5154296.0,555342901.68,3180.6
11391.0,888.0,4887813.0,633427032.45,3627.81
217.0,18.68,3943323.0,530392618.29,3037.7
11823.0,1988.21,3776269.0,453238177.28,2595.82
13266.0,4479.14,2797370.0,252309493.88,1445.05
8727.0,650.18,4517398.0,590156584.53,3379.99
17658.0,2172.57,4053463.0,485441522.08,2780.26
18432.0,2301.05,4053028.0,481817075.12,2759.5
9699.0,739.31,3033288.0,387869019.26,2221.43
14240.0,414.44,3488809.0,458214854.33,2624.32
7956.0,1196.29,2551335.0,310297871.07,1777.16
17626.0,3303.84,3397448.0,365720968.68,2094.58
7493.0,770.42,5296741.0,691746596.07,3961.82
13076.0,1341.66,2963557.0,361762914.13,2071.91
5837.0,819.31,2703114.0,341195544.89,1954.12
11161.0,3756.43,4290589.0,473408062.73,2711.34
6539.0,1051.99,2344474.0,286452001.65,1640.59
12846.0,2953.45,3512576.0,390946130.08,2239.06
8507.0,1604.4,3936966.0,485526092.35,2780.74
259686.0,45352.05,81698308.0,9740771272.86,55788.05
4662.0,3986.76,148226.0,-94936321.42,-543.73
13029.0,9207.9,8004.0,-254710882.22,-1458.8
11556.0,10234.12,78690.0,-275699434.74,-1579.01
3603.0,2869.1,99214.0,-69112216.42,-395.82
9548.0,8370.12,92076.0,-222546232.13,-1274.58
11402.0,7587.6,145726.0,-195140370.39,-1117.62
13029.0,9207.9,54080.0,-249826295.75,-1430.82
9548.0,8370.12,83030.0,-223505212.28,-1280.08
3462.0,3184.91,176573.0,-69676377.15,-399.06
2172.0,1174.15,49977.0,-27289647.85,-156.3
2362.0,1860.99,111975.0,-39779952.7,-227.83
6590.0,5360.73,35320.0,-145039319.32,-830.68
7032.0,5553.0,83448.0,-145273528.59,-832.02
11556.0,10234.12,83947.0,-275142132.21,-1575.81
8325.0,7298.4,112274.0,-190660105.76,-1091.96
117876.0,94499.92,1362560.0,-2478338028.94,-14194.12
2457.0,559.67,950075.0,81957062.88,469.39
2282.0,115.18,1693622.0,170591423.69,977.02
1093.0,250.13,738804.0,68868930.28,394.43
3786.0,2222.34,1736617.0,116520399.88,667.34
1923.0,699.84,482162.0,30052628.82,172.12
1585.0,89.43,928500.0,92794392.19,531.46
3237.0,344.8,686133.0,60836678.72,348.43
2176.0,98.46,1949258.0,197287134.55,1129.92
3381.0,755.23,1326335.0,115138706.33,659.43
4888.0,4206.93,214102.0,-94790945.61,-542.89
1824.0,395.74,1008183.0,92469490.22,529.6
3502.0,669.91,1066888.0,90883991.31,520.52
1327.0,774.34,659296.0,46161236.08,264.38
2851.0,560.1,1092256.0,96534792.53,552.88
3105.0,963.47,1517542.0,128979522.31,738.7
955.0,460.05,1253938.0,115902342.87,663.8
10434.0,7889.18,956313.0,-120828715.84,-692.02
1809.0,851.43,1228686.0,102448648.82,586.75
3296.0,1166.57,887142.0,58655176.14,335.93
2277.0,306.57,1042137.0,98428479.33,563.73
1551.0,174.11,957423.0,93412037.7,535.0
3973.0,911.26,2823768.0,264464760.25,1514.66
1052.0,107.11,771639.0,76207667.53,436.46
2668.0,689.96,1151050.0,98963658.32,566.79
5204.0,1069.61,1924110.0,167752965.3,960.77
3105.0,963.47,1327929.0,109522703.42,627.27
2012.0,412.52,831668.0,73890982.35,423.19
77753.0,27707.41,31205576.0,2433106150.38,13935.06
2830.0,151.01,2811569.0,262623271.17,1504.12
638.0,4.0,700843.0,66398125.61,380.28
3305.0,156.76,2540073.0,236699045.42,1355.64
3020.0,260.73,2034763.0,185860123.67,1064.47
1918.0,81.95,2970541.0,279626235.74,1601.5
2569.0,69.73,3037766.0,286344964.29,1639.98
2395.0,32.25,2728407.0,258027407.28,1477.79
1703.0,5.89,1706352.0,161767243.5,926.49
2279.0,137.66,3937385.0,369832352.63,2118.13
4976.0,590.31,4391418.0,400356516.35,2292.95
2033.0,4.91,2562012.0,242995529.69,1391.7
3098.0,647.95,1760405.0,149076840.8,853.8
931.0,0.0,1125313.0,106790826.63,611.62
3332.0,1056.39,1626384.0,125022419.91,716.04
3057.0,61.98,3071029.0,289716678.6,1659.29
1486.0,18.45,1666886.0,157673373.6,903.04
1884.0,103.7,1690400.0,157538763.98,902.27
1228.0,180.41,1000912.0,89978159.35,515.33
1788.0,52.88,2001762.0,188497113.49,1079.57
3501.0,204.07,4487379.0,420182942.95,2406.5
1419.0,283.6,1367765.0,121928087.41,698.32
3172.0,161.82,4801062.0,451123697.62,2583.71
2355.0,31.85,2877653.0,272201771.79,1558.97
2494.0,513.5,2219146.0,196342374.42,1124.51
5228.0,904.66,3935042.0,348322408.44,1994.94
3202.0,23.54,5838465.0,553409846.14,3169.53
3968.0,163.86,5099371.0,479376237.78,2745.52
3229.0,55.67,3264619.0,308263262.73,1765.51
3881.0,672.23,2959918.0,262235280.69,1501.89
1687.0,34.62,1900661.0,179409546.97,1027.53
2904.0,153.36,4261566.0,400160989.33,2291.83
2641.0,59.13,3951862.0,373385752.34,2138.48
689.0,1.0,636342.0,60360322.73,345.7
349.0,20.58,656246.0,61705757.55,353.41
2294.0,147.78,3423574.0,320791443.34,1837.26
2219.0,7.16,3330464.0,315858236.8,1809.01
2425.0,138.78,2229076.0,207684834.14,1189.47
2036.0,111.82,3495021.0,328569723.1,1881.81
94163.0,7305.99,104099452.0,9676137507.99,55417.88
10470.0,4232.86,1413199.0,5923711.66,33.93
8530.0,6512.15,255230.0,-158453257.42,-907.51
10470.0,4232.86,2663629.0,115114362.89,659.29
114.0,22.03,1055450.0,91553085.06,524.35
8298.0,4463.15,533638.0,-77273290.21,-442.57
4084.0,1859.12,799781.0,18240170.82,104.47
8535.0,776.39,3343872.0,270446992.87,1548.92
3853.0,149.89,1619707.0,137276733.97,786.22
5838.0,2115.77,851669.0,15648002.52,89.62
4235.0,1548.72,822526.0,28841274.92,165.18
6598.0,3393.7,1206640.0,11176818.29,64.01
6604.0,4096.61,658917.0,-56160532.79,-321.65
4790.0,944.97,1032754.0,63955602.29,366.29
4653.0,3796.3,139820.0,-93154458.53,-533.52
7086.0,2620.33,1493984.0,57732801.22,330.65
12383.0,3629.92,4063872.0,254121272.71,1455.42
8070.0,2535.18,1537133.0,63863963.0,365.77
15732.0,7082.61,2359886.0,9497774.49,54.4
130343.0,54012.56,25851707.0,758351027.77,4343.28
491.0,207.16,343709.0,93360658.48,534.7
491.0,207.16,343709.0,93360658.48,534.7
72.0,10.91,191173.0,47909357.54,274.39
39.0,9.58,52074.0,12866720.3,73.69
111.0,20.49,243247.0,60776077.84,348.08
21.0,4.94,582320.0,89019434.22,509.84
63.0,3.75,1709346.0,261606623.74,1498.29
35.0,16.47,142004.0,21284514.67,121.9
61.0,4.58,887978.0,135827423.34,777.92
62.0,3.99,2241624.0,343094785.48,1965.0
443.0,18.04,3656539.0,559336459.98,3203.47
247.0,84.63,2731929.0,415925188.77,2382.12
421.0,52.19,2292958.0,349616555.79,2002.35
130.0,6.85,2543243.0,389195011.43,2229.03
1483.0,195.44,16787941.0,2564905997.41,14689.92
1736.0,932.91,818008.0,148436013.27,850.13
1966.0,1304.58,640537.0,100299129.22,574.44
3702.0,2237.49,1458545.0,248735142.48,1424.57
8107.0,131.21,7214225.0,1069470204.14,6125.15
4549.0,500.06,1514190.0,211356052.15,1210.49
7546.0,603.21,2092745.0,294552915.89,1686.98
11198.0,154.32,3120506.0,459890434.42,2633.92
10743.0,822.5,1551019.0,207885228.12,1190.62
10034.0,293.21,2880365.0,420314794.17,2407.26
8831.0,1693.31,2127086.0,269406089.03,1542.96
7394.0,815.27,1391753.0,184395165.5,1056.08
5231.0,710.06,2160119.0,301609206.28,1727.4
3953.0,94.44,2743082.0,405410760.94,2321.9
14184.0,471.11,2092371.0,298163634.94,1707.66
3642.0,529.82,2299885.0,327401765.44,1875.12
3204.0,50.48,2035064.0,301313569.06,1725.7
45674.0,2345.29,590297.0,22714312.25,130.09
4401.0,158.62,1329672.0,193385554.57,1107.57
10423.0,173.99,2390776.0,350797584.81,2009.11
3008.0,985.81,1343734.0,172519137.58,988.06
6509.0,277.52,585449.0,79382814.04,454.65
7397.0,260.4,3804558.0,558698596.45,3199.82
2140.0,92.05,2428589.0,358696439.49,2054.35
5792.0,102.51,6081322.0,901748079.26,5164.56
2246.0,362.43,1756268.0,251184849.55,1438.6
3139.0,792.41,807022.0,98051227.49,561.57
2817.0,948.0,228291.0,7647019.99,43.8
2316.0,126.68,4165626.0,616118568.93,3528.68
1766.0,1362.62,1705678.0,215899979.65,1236.52
196244.0,14857.33,60439692.0,8578013984.15,49128.63
741.0,79.94,1128350.0,169522733.74,970.9
742.0,79.94,1634445.0,246553329.48,1412.08
743.0,79.94,1809733.0,273233180.23,1564.88
744.0,79.94,942011.0,141160856.67,808.47
745.0,79.94,1514432.0,228286654.48,1307.46
746.0,79.94,1743931.0,263217734.0,1507.52
747.0,79.94,958405.0,143656118.6,822.76
748.0,79.94,1334152.0,200846992.36,1150.31
749.0,79.94,1074304.0,161296618.93,923.79
750.0,79.94,1505324.0,226900364.03,1299.52
751.0,79.94,964655.0,144607404.87,828.21
752.0,79.94,922088.0,138128460.46,791.1
753.0,79.94,1089263.0,163573465.53,936.83
754.0,79.94,1042708.0,156487524.39,896.25
755.0,79.94,561293.0,83213367.86,476.59
756.0,79.94,1205437.0,181255822.46,1038.1
757.0,79.94,900332.0,134817071.02,772.13
758.0,79.94,1061204.0,159302722.91,912.37
759.0,79.94,1295189.0,194916597.67,1116.34
760.0,79.94,1450001.0,218479882.4,1251.29
761.0,79.94,1214205.0,182590362.94,1045.74
15771.0,1678.74,25351462.0,3812047265.02,21832.63
1167.0,380.7,381956.0,36680152.49,210.08
6522.0,2455.16,519080.0,-3933541.46,-22.53
1118.0,354.9,454768.0,46402731.81,265.76
5739.0,2354.19,1510075.0,121450438.72,695.58
3950.0,1773.02,84121.0,-38803651.38,-222.24
6401.0,645.99,437903.0,36237589.69,207.54
5503.0,1976.29,31564.0,-50946345.14,-291.78
13841.0,160.35,999777.0,119217503.95,682.79
5131.0,2419.41,814010.0,33540190.87,192.09
2825.0,1390.87,529855.0,26937968.47,154.28
1936.0,890.29,580320.0,47073540.87,269.6
1540.0,632.35,521173.0,46916283.5,268.7
55673.0,15433.52,6864602.0,420772862.38,2409.88
2727.0,1074.19,1078692.0,90131947.63,516.21
1250.0,341.84,753745.0,74325298.4,425.68
2676.0,642.84,392232.0,25772713.41,147.61
2062.0,870.26,1008039.0,87935618.16,503.63
2411.0,1485.93,409936.0,4341887.95,24.87
1620.0,494.5,297446.0,19350044.39,110.82
2407.0,767.63,1529958.0,148818952.5,852.33
2512.0,1331.44,616435.0,31591363.61,180.93
8179.0,1785.05,230696.0,-23890630.39,-136.83
1265.0,390.24,424483.0,36369622.9,208.3
2744.0,1464.95,870354.0,56120460.62,321.42
896.0,374.14,560440.0,51934238.24,297.44
4244.0,2107.71,476835.0,-5476370.03,-31.36
2635.0,1305.3,642415.0,35205714.77,201.63
1288.0,666.24,283713.0,13056465.98,74.78
1932.0,1098.41,314667.0,4503800.16,25.79
921.0,331.79,318898.0,26251316.88,150.35
505.0,324.05,266215.0,20608037.27,118.03
282.0,45.24,1236829.0,136273879.7,780.48
2280.0,1374.02,554985.0,23576635.85,135.03
44836.0,18275.77,12267013.0,856800997.98,4907.13
2883.0,573.55,2062330.0,299998158.33,1718.17
3718.0,1777.35,1042886.0,110424593.37,632.43
2477.0,203.71,1492073.0,222908386.07,1276.66
2040.0,213.51,2684487.0,405295552.58,2321.24
3761.0,577.31,1321442.0,186401357.86,1067.57
4093.0,1391.59,1322784.0,164007108.61,939.31
4962.0,901.24,2445474.0,349594994.37,2002.23
2266.0,423.35,1313551.0,189465641.9,1085.12
5360.0,1442.26,1025213.0,117017575.89,670.19
3555.0,1352.77,1734495.0,228152213.44,1306.69
1811.0,100.64,791042.0,118382052.69,678.01
2535.0,905.49,531885.0,56345158.02,322.7
2540.0,1023.47,716259.0,81313908.97,465.71
4291.0,2406.34,726978.0,44575216.13,255.29
1502.0,504.62,461790.0,56733592.72,324.93
1811.0,287.13,900422.0,129961445.36,744.32
4393.0,1200.78,1939869.0,263830681.02,1511.03
7224.0,3366.12,1502338.0,136710148.53,782.98
3562.0,1079.38,2293919.0,321434978.54,1840.95
1341.0,329.0,949443.0,136308620.03,780.68
5097.0,1164.49,2914253.0,414098263.07,2371.65
2063.0,572.35,1150567.0,160363644.31,918.45
2657.0,574.04,1065056.0,147217792.78,843.16
3774.0,1240.92,599578.0,57405020.03,328.77
79716.0,23611.41,32988134.0,4397946104.65,25188.24
6552.0,252.97,1889752.0,236283907.73,1353.26
2196.0,287.43,9621551.0,1230793990.7,7049.09
2298.0,162.75,990923.0,123063977.52,704.82
13433.0,1141.6,4779661.0,583695351.58,3342.98
8461.0,739.22,2452595.0,295254194.07,1691.0
5448.0,88.42,1703300.0,216845256.4,1241.93
10498.0,25.05,2177331.0,279635380.82,1601.55
5648.0,2724.19,1020791.0,55818337.02,319.69
4244.0,269.7,1255104.0,154108862.54,882.62
7202.0,3951.78,1137961.0,36832956.39,210.95
8436.0,576.61,1659456.0,197650953.84,1132.0
4861.0,3064.66,2089649.0,183983913.98,1053.73
5924.0,709.57,1945497.0,230788415.46,1321.79
4260.0,374.42,1847023.0,227411796.1,1302.45
4657.0,141.62,1064570.0,133132453.48,762.49
10954.0,195.05,2566326.0,325000113.41,1861.36
6814.0,1478.44,1776421.0,187680440.8,1074.9
4823.0,343.25,1597668.0,196172527.93,1123.53
4102.0,3263.38,554519.0,-19178899.74,-109.84
3979.0,381.39,1536401.0,187225871.07,1072.29
5570.0,33.32,1389920.0,178026953.11,1019.61
4962.0,499.32,1805769.0,218633837.67,1252.18
6307.0,1052.83,3001127.0,357173457.23,2045.63
8442.0,44.23,1928812.0,247106315.2,1415.25
3516.0,664.69,1082636.0,120940970.23,692.66
8478.0,4270.78,1752753.0,107133576.06,613.58
10597.0,1284.04,2678980.0,309280054.01,1771.33
3582.0,2283.38,1177361.0,88211072.13,505.21
10277.0,8123.75,1437169.0,-40434484.6,-231.58
5270.0,147.64,1174271.0,147089338.75,842.42
191791.0,38575.48,61095297.0,6795360890.88,38918.89
1415.0,79.9,2127789.0,260621498.08,1492.65
3063.0,1365.71,3282388.0,367558637.66,2105.11
4356.0,3150.65,1108974.0,49543780.91,283.75
2961.0,1653.97,2523003.0,265753728.35,1522.04
1989.0,966.48,1307375.0,134671878.25,771.3
2483.0,1322.51,2635375.0,288834148.63,1654.23
2206.0,1104.29,1974551.0,213261198.88,1221.41
2345.0,1436.97,3086293.0,341357864.19,1955.05
3554.0,1981.33,4112920.0,453065498.17,2594.83
4482.0,2083.59,2809934.0,289273581.42,1656.75
2652.0,1955.52,1197412.0,93638320.19,536.29
2189.0,1303.93,3301427.0,371625129.89,2128.4
3027.0,1159.22,3121200.0,353378590.23,2023.9
2130.0,1580.22,817420.0,57115317.98,327.12
38852.0,21144.29,33406061.0,3539699172.84,20272.82
30.0,27.1,64473.0,9856327.1,56.45
30.0,27.1,64473.0,9856327.1,56.45
3182.0,684.42,728999.0,67809007.29,388.36
3747.0,868.68,749237.0,65104803.03,372.87
4674.0,689.04,845071.0,81501911.03,466.78
9229.0,4932.06,1701698.0,65741387.62,376.52
5427.0,927.99,1385881.0,139266283.47,797.62
10043.0,3663.7,1575362.0,85900609.46,491.98
4459.0,106.75,1703005.0,199820421.98,1144.43
2772.0,328.67,2371061.0,273209110.26,1564.74
3427.0,1294.56,757847.0,54309999.98,311.05
8687.0,1758.55,1762375.0,161045174.14,922.35
11815.0,4588.01,2090922.0,121636639.42,696.65
7306.0,2587.18,1264219.0,78729770.87,450.91
2902.0,202.28,786754.0,88067600.55,504.39
7020.0,1955.87,1563715.0,131913491.07,755.5
8153.0,651.25,2185793.0,242195551.42,1387.12
7470.0,3031.96,704524.0,-259800.01,-1.49
6390.0,1329.74,1241519.0,110926242.74,635.3
4560.0,1221.18,2032036.0,208069084.0,1191.67
3334.0,956.26,570465.0,41387022.59,237.03
6703.0,2422.65,1241350.0,80573098.5,461.46
3898.0,678.73,3276697.0,371330897.21,2126.71
5211.0,1113.93,2463289.0,262396653.51,1502.82
3600.0,221.67,1025048.0,115904004.84,663.81
4950.0,1361.3,1292042.0,116066278.38,664.74
5800.0,2577.51,1054905.0,54074351.59,309.7
5535.0,241.59,1340411.0,152902594.54,875.71
4989.0,740.17,1965970.0,213552483.41,1223.07
5133.0,1342.76,1091854.0,92743707.39,531.17
4256.0,795.69,826067.0,76279030.58,436.87
7135.0,2742.71,1016520.0,44918684.75,257.26
8466.0,2676.26,1331597.0,84280363.69,482.7
6153.0,172.09,1545814.0,179289629.28,1026.84
4861.0,59.85,1455069.0,171599431.07,982.8
6314.0,781.15,2365106.0,259941731.92,1488.76
10252.0,2794.54,2378458.0,205651247.93,1177.82
7502.0,1752.9,2228935.0,216757037.45,1241.43
6578.0,1357.9,1311332.0,118457575.94,678.44
8758.0,3069.59,1379131.0,79023791.99,452.59
6205.0,1970.71,1066063.0,72244323.97,413.76
6195.0,63.35,1512681.0,178362367.97,1021.53
6606.0,3460.0,687861.0,-14123903.49,-80.89
10066.0,2539.92,1726050.0,135033393.43,773.37
4851.0,1969.16,1127033.0,79547270.08,455.59
5675.0,2180.13,1178273.0,79793271.34,457.0
5048.0,386.64,1445166.0,161350395.41,924.1
6091.0,36.22,1986864.0,235578094.23,1349.22
4076.0,2022.58,644758.0,20638336.8,118.2
7371.0,777.46,1458875.0,152135817.4,871.32
292875.0,74087.31,69443702.0,6212676272.01,35581.69
17048.0,266.89,4543159.0,509364353.96,2917.27
5673.0,340.37,1813906.0,196880016.17,1127.59
12210.0,3167.77,2888445.0,240633156.74,1378.17
10131.0,567.93,3701282.0,405248010.43,2320.97
4087.0,998.92,1200334.0,108810269.9,623.19
10693.0,164.03,2585049.0,289489594.63,1657.99
9661.0,591.6,2586258.0,277760182.07,1590.81
11443.0,4054.46,2204307.0,138204843.64,791.54
7195.0,301.27,2050862.0,224918298.52,1288.17
14412.0,9916.94,1072942.0,-153194179.86,-877.38
5234.0,1938.59,1322507.0,96627167.06,553.41
4827.0,110.01,1177345.0,130866465.76,749.51
11765.0,1146.84,4229917.0,449311494.95,2573.33
7694.0,36.48,1959046.0,221823561.34,1270.44
7685.0,1786.32,3876001.0,391306173.09,2241.12
7157.0,13.02,2454196.0,278796615.72,1596.74
157.0,3.0,3085411.0,350873667.24,2009.55
446.0,139.86,9356962.0,1060446709.74,6073.47
9892.0,2000.38,4653570.0,473811387.91,2713.65
10528.0,936.76,3361292.0,356338450.7,2040.85
5955.0,1195.99,1648295.0,154295036.96,883.69
15530.0,1076.55,6107187.0,664796596.78,3807.47
7569.0,49.66,1657576.0,187166383.78,1071.95
6214.0,40.43,1836086.0,207727573.17,1189.71
15643.0,1710.86,9429408.0,1025085136.84,5870.94
7152.0,2939.46,2634200.0,218050092.86,1248.83
8208.0,4212.9,1615069.0,66783256.71,382.49
8572.0,150.13,2822143.0,316844164.16,1814.65
10480.0,1278.37,3003741.0,306186849.77,1753.62
5207.0,2827.98,849651.0,18156657.76,103.99
14895.0,49.67,4317756.0,489754191.56,2804.96
9558.0,2998.09,11060148.0,1174851033.24,6728.69
6309.0,861.95,1300774.0,124036555.98,710.39
4901.0,296.76,1197160.0,127937239.69,732.73
13582.0,2607.32,2772348.0,242982378.2,1391.63
307713.0,50777.56,183276910.0,13312059198.29,76241.79
496.0,21.5,237399.0,23999802.93,137.45
3313.0,2863.35,144182.0,-64531994.11,-369.59
4570.0,3919.51,274143.0,-80379995.61,-460.36
709.0,274.26,456113.0,39645209.62,227.06
519.0,51.75,517992.0,52232014.8,299.15
3271.0,2136.58,479148.0,-9655676.9,-55.3
4391.0,3844.44,140651.0,-92127363.16,-527.64
514.0,70.76,422168.0,41776236.6,239.26
4544.0,3664.75,183998.0,-82649069.98,-473.35
22327.0,16846.9,2855794.0,-171690835.8,-983.32
2603.0,2287.96,317917.0,-25574459.0,-146.47
2748.0,1712.19,825922.0,51008933.46,292.14
3819.0,2537.89,395124.0,-23300575.29,-133.45
2448.0,2137.34,258840.0,-28441781.35,-162.89
1887.0,1702.2,142334.0,-30263516.09,-173.33
3677.0,2860.22,643291.0,-2641162.87,-15.13
5247.0,3880.99,383461.0,-61968816.24,-354.91
22429.0,17118.79,2966889.0,-121181377.38,-694.04
3576.0,3078.91,400309.0,-36561701.24,-209.4
3576.0,3078.91,125745.0,-70095400.2,-401.46
1382.0,1152.55,83955.0,-21734500.63,-124.48
2557.0,2200.08,117894.0,-46662910.31,-267.25
4536.0,4022.17,161428.0,-91916860.14,-526.43
3025.0,2716.87,86364.0,-64856983.96,-371.45
1399.0,1185.49,56574.0,-25992890.31,-148.87
1421.0,1161.65,64937.0,-24309816.63,-139.23
927.0,592.09,378811.0,39324153.9,225.22
1130.0,834.58,74004.0,-12270578.94,-70.28
1463.0,1182.66,267988.0,6621209.67,37.92
562.0,372.4,50484.0,-2904978.99,-16.64
1615.0,1327.61,194622.0,-8200535.21,-46.97
1786.0,1202.82,250260.0,3452295.36,19.77
1651.0,1414.82,95219.0,-25252132.19,-144.63
2026.0,1615.81,163418.0,-20792262.95,-119.08
2536.0,1699.66,196596.0,-18235992.64,-104.44
1628.0,1305.81,166343.0,-11757879.36,-67.34
1255.0,938.14,140757.0,-5319439.02,-30.47
16579.0,12486.4,1978502.0,-55336140.37,-316.93
6375.0,2782.63,1273821.0,75267595.53,431.08
6575.0,1135.26,1648997.0,165904154.2,950.18
3806.0,382.56,2320529.0,267188496.07,1530.26
5837.0,1050.46,1481255.0,148176196.01,848.65
3098.0,1290.94,441162.0,16985266.44,97.28
2505.0,78.0,1506337.0,178168939.47,1020.42
3932.0,804.38,2624470.0,291867981.38,1671.61
2940.0,1477.16,312520.0,-3583754.01,-20.53
4452.0,1445.61,1192811.0,102677479.4,588.06
4325.0,2521.37,577817.0,-804640.98,-4.61
8206.0,2105.4,3529031.0,364050109.07,2085.01
1668.0,136.28,1136971.0,132332115.73,757.9
2899.0,306.08,1827192.0,210250444.27,1204.16
2114.0,332.64,579505.0,60144247.67,344.46
7920.0,2419.8,1576869.0,121617634.64,696.54
8021.0,5397.71,733110.0,-62044450.97,-355.35
2644.0,311.3,1440361.0,163795413.87,938.1
8303.0,3222.16,1801733.0,126268632.73,723.17
2813.0,467.09,2251673.0,256599202.79,1469.61
8807.0,2098.27,1379647.0,106930716.81,612.42
5791.0,2336.17,613192.0,8570447.3,49.09
10418.0,4094.17,2519738.0,188023780.44,1076.86
5291.0,1146.75,1220946.0,114340379.25,654.86
3890.0,1713.75,962789.0,67697936.78,387.72
3852.0,1274.46,610382.0,37701127.87,215.92
3479.0,225.09,1698730.0,197119216.15,1128.96
7073.0,3146.51,967911.0,28545784.98,163.49
6624.0,3292.29,1041099.0,33261583.92,190.5
2337.0,350.85,610183.0,63311511.38,362.6
9712.0,4273.37,2093437.0,132014825.61,756.08
155707.0,51618.51,41974218.0,3592378373.81,20574.53
157.0,15.17,200222.0,38641210.81,221.31
9.0,5.67,41816.0,8000711.37,45.82
294.0,25.12,950289.0,184699126.79,1057.82
30.0,6.45,55626.0,10673320.33,61.13
490.0,52.41,1247953.0,242014369.3,1386.08
2683.0,26.78,2490656.0,413210014.23,2366.57
1482.0,8.33,595527.0,98746887.69,565.55
3353.0,55.43,1388525.0,229237914.37,1312.91
1458.0,18.48,617508.0,102118478.25,584.86
1180.0,3.74,600163.0,99644795.05,570.69
5305.0,33.66,2029074.0,336302977.74,1926.1
3551.0,212.32,2298323.0,376094242.58,2153.99
3386.0,724.2,1586625.0,243601346.09,1395.17
2624.0,10.61,2193590.0,364285687.76,2086.36
1633.0,9.85,815168.0,135209586.32,774.38
3578.0,58.92,3498739.0,579863912.81,3321.04
2198.0,9.98,769751.0,127657558.91,731.13
2242.0,8.89,995746.0,165248747.17,946.42
2593.0,18.32,901896.0,149388918.06,855.59
3325.0,74.81,1895686.0,312991465.44,1792.59
1356.0,261.46,684627.0,106530069.35,610.13
3625.0,22.83,1655169.0,274459608.39,1571.91
1282.0,131.76,612310.0,98110543.38,561.91
2414.0,17.53,1119627.0,185598282.48,1062.97
49268.0,1707.9,26748710.0,4398301036.07,25190.27
8481.0,305.11,2583052.0,312432506.72,1789.39
8380.0,1196.66,3674179.0,423242229.2,2424.02
4522.0,268.42,1797485.0,215857365.39,1236.27
6992.0,1010.99,1222755.0,123847300.09,709.31
28387.0,289.79,2603751.0,315429205.16,1806.55
5066.0,230.27,2548462.0,310212419.2,1776.67
10455.0,224.19,2408523.0,292996105.45,1678.07
30239.0,255.61,2363937.0,286585004.94,1641.35
5776.0,557.18,1110906.0,122547155.94,701.86
7822.0,988.8,1544338.0,164414432.73,941.65
13835.0,82.0,2039547.0,251103454.16,1438.14
3432.0,117.0,1634409.0,199800488.77,1144.31
3033.0,419.0,1206516.0,138260183.57,791.85
3770.0,302.3,1388552.0,164114020.16,939.93
10978.0,112.92,1969168.0,241501885.65,1383.15
9656.0,89.96,1774692.0,217978763.22,1248.42
11143.0,552.76,6626178.0,807849345.28,4626.77
38401.0,325.77,669919.0,74184596.83,424.88
10640.0,268.07,1828730.0,219748743.63,1258.56
6219.0,435.58,1411129.0,163219730.09,934.8
5928.0,200.77,2137045.0,259919550.39,1488.63
22850.0,107.78,3687165.0,455076691.36,2606.35
5524.0,870.0,1458248.0,157016420.7,899.28
5217.0,546.73,1951014.0,227206437.19,1301.27
17718.0,147.04,3307743.0,406850271.61,2330.14
12387.0,674.85,2037573.0,234404043.89,1342.5
4449.0,1037.91,867848.0,79008944.42,452.51
4655.0,521.79,1156597.0,129205718.88,740.0
4498.0,462.69,1335551.0,153078017.66,876.72
7732.0,193.06,2677333.0,327255207.01,1874.28
5136.0,911.91,1036346.0,103439028.45,592.42
7194.0,165.06,1421326.0,171994645.6,985.06
11724.0,2757.54,3068420.0,304665661.32,1744.9
342239.0,16629.51,68548437.0,8054445574.68,46130.01
954.0,712.72,283583.0,14281128.81,81.79
4226.0,1284.05,43709.0,-30387937.69,-174.04
750.0,571.82,146850.0,1768204.79,10.13
1166.0,773.9,136435.0,-5091381.61,-29.16
7096.0,3342.49,610577.0,-19429985.7,-111.28
1940.0,393.14,754894.0,89739749.54,513.96
175.0,12.84,4646732.0,619199076.42,3546.32
4732.0,1984.64,3458045.0,405983680.94,2325.18
3703.0,390.96,2605914.0,336599405.59,1927.8
4497.0,1701.14,1506843.0,153695481.53,880.26
6036.0,1874.4,2159775.0,235943120.68,1351.31
5760.0,2294.46,2251744.0,236546981.68,1354.77
4483.0,307.78,3998252.0,524550436.09,3004.24
1684.0,1003.54,1870374.0,221527034.76,1268.75
2904.0,118.46,1064493.0,138642596.68,794.04
5129.0,1617.41,1879809.0,205747446.07,1178.37
3710.0,555.12,3038252.0,389687495.02,2231.85
2569.0,159.19,1616450.0,211105379.96,1209.06
3420.0,579.05,1726601.0,214139023.97,1226.43
1756.0,141.26,565223.0,71441411.99,409.16
4644.0,364.79,1618345.0,205651746.02,1177.82
4104.0,256.95,1353445.0,173325279.56,992.68
5237.0,1469.84,3482056.0,423473048.05,2425.35
4233.0,329.66,1339101.0,169394753.74,970.17
3411.0,346.19,2405890.0,311172481.6,1782.17
2565.0,1731.01,735394.0,50008057.04,286.41
2868.0,1175.29,1245899.0,133498075.48,764.58
3394.0,285.67,3728104.0,489144864.74,2801.47
2274.0,67.47,1264277.0,166695278.92,954.71
4745.0,256.68,1750176.0,226229486.51,1295.68
4509.0,471.36,2722290.0,349884533.81,2003.88
6693.0,1300.24,3077233.0,374204556.76,2143.17
5187.0,844.43,2479052.0,307098942.22,1758.84
6188.0,1308.36,2464875.0,292332620.88,1674.27
6075.0,1818.59,3936331.0,474362851.3,2716.81
7194.0,857.56,3458873.0,437375466.74,2504.97
4241.0,346.54,1942288.0,249350047.97,1428.1
130060.0,26364.02,72147030.0,8887750412.27,50902.57
2400.0,1983.7,378230.0,-17057240.57,-97.69
2036.0,1480.19,693947.0,28636044.25,164.01
3057.0,2272.2,876001.0,24944468.53,142.86
2993.0,1989.5,1725739.0,118160031.86,676.73
4041.0,262.62,4418797.0,459454762.95,2631.42
3650.0,66.75,3673889.0,386208723.45,2211.92
5482.0,129.21,5954391.0,625357431.64,3581.59
2350.0,41.12,2397888.0,252140099.86,1444.08
2016.0,41.38,1379545.0,144568519.07,827.98
4054.0,50.0,4613913.0,485965384.32,2783.26
1321.0,17.06,1303048.0,137163367.93,785.57
5237.0,550.1,3487731.0,353130368.75,2022.47
2981.0,22.15,3239774.0,341592367.48,1956.39
3349.0,526.01,2148665.0,212357646.06,1216.23
4408.0,101.91,1799410.0,187237565.41,1072.36
4402.0,83.07,3260699.0,342111813.55,1959.37
4120.0,45.0,4448359.0,468617208.39,2683.9
2688.0,29.25,2464464.0,259501757.4,1486.24
4561.0,403.61,3682713.0,377791440.1,2163.71
5168.0,32.04,3681896.0,388017831.59,2222.28
4512.0,165.12,3499171.0,365023614.56,2090.59
2541.0,565.26,1952756.0,190575036.5,1091.48
3216.0,586.4,991730.0,88478158.84,506.74
2540.0,15.21,3100946.0,327121018.24,1873.51
2431.0,26.18,1774480.0,186706125.91,1069.32
2311.0,251.38,1581810.0,160104717.94,916.96
2341.0,89.3,2470996.0,258525062.5,1480.64
2181.0,47.45,1885204.0,197811218.1,1132.92
4152.0,53.44,2632733.0,276604104.01,1584.19
2407.0,58.6,2498156.0,262245946.73,1501.95
1282.0,20.0,1648115.0,173530110.81,993.85
1179.0,25.22,4681645.0,493807455.33,2828.17
3377.0,29.0,3620268.0,381592633.26,2185.49
4003.0,114.86,3433919.0,359526185.54,2059.1
3321.0,79.0,4440895.0,466885161.23,2673.98
4021.0,227.0,1104285.0,110341907.13,631.96
5986.0,143.85,4092845.0,428321865.2,2453.12
4565.0,247.31,1689974.0,171642700.94,983.04
4038.0,67.02,4494204.0,472848520.32,2708.13
5024.0,304.05,1998603.0,202667427.89,1160.73
2249.0,86.0,1840221.0,191989874.76,1099.58
2093.0,27.82,1656616.0,174211005.55,997.75
3021.0,41.0,4581268.0,482766985.03,2764.94
3155.0,66.0,1436719.0,149924316.25,858.66
1955.0,48.8,1599596.0,167605875.96,959.92
7680.0,1273.06,4021243.0,389418267.23,2230.3
2905.0,34.84,3564544.0,375544597.12,2150.85
5039.0,581.29,1221592.0,112899582.94,646.61
2528.0,378.87,4589838.0,474294840.54,2716.42
1840.0,23.0,1564708.0,164636828.93,942.92
2952.0,429.07,2684703.0,271668160.13,1555.92
3144.0,170.0,875958.0,87806443.73,502.89
2760.0,13.64,1868529.0,196988265.36,1128.21
3340.0,57.04,2547184.0,267467916.8,1531.86
1713.0,11.0,2205968.0,232704155.97,1332.76
2559.0,68.41,3443689.0,361847350.04,2072.4
4405.0,803.73,2496970.0,241440064.83,1382.79
3718.0,28.0,4772006.0,503274846.11,2882.39
4008.0,66.11,4143512.0,435831285.04,2496.12
3686.0,687.11,2031007.0,195458574.12,1119.44
3717.0,117.82,3209141.0,335701440.24,1922.65
4609.0,93.54,3405559.0,357122331.06,2045.34
2367.0,75.0,1796184.0,187643683.1,1074.69
2367.0,75.0,2335819.0,244643629.01,1401.14
3689.0,443.26,3466382.0,353840617.23,2026.54
1646.0,14.0,1715183.0,180780818.65,1035.38
1015.0,3.12,1578213.0,166615076.29,954.25
4388.0,59.31,3006538.0,315925031.06,1809.39
1640.0,284.54,1117361.0,110126097.79,630.72
2895.0,34.08,2559297.0,269384615.02,1542.84
5743.0,209.42,4483992.0,467817637.63,2679.32
6905.0,2540.29,1862559.0,126232111.98,722.97
4436.0,210.03,3797117.0,395248263.97,2263.69
4558.0,264.59,3108367.0,320983492.08,1838.36
1535.0,17.1,3676841.0,387898538.04,2221.6
241516.0,14852.82,199812341.0,20693317878.52,118516.28
2360.0,585.25,622506.0,52199006.42,298.96
3088.0,1608.69,259898.0,-16073335.98,-92.06
2542.0,431.79,391605.0,31071474.44,177.95
4251.0,3041.56,259648.0,-55869216.56,-319.98
5329.0,3394.99,1696694.0,92319486.27,528.74
3144.0,1719.14,1890422.0,160131317.12,917.12
5329.0,3394.99,954605.0,10729527.5,61.45
7090.0,2079.8,687271.0,17839397.08,102.17
8030.0,2709.43,483439.0,-22046161.87,-126.26
8016.0,3036.0,242285.0,-57623900.36,-330.03
2241.0,1262.69,618931.0,33004032.69,189.02
1766.0,1225.55,1648902.0,147276356.58,843.49
1984.0,1142.17,330086.0,4591542.11,26.3
55170.0,25632.05,10086292.0,397549525.44,2276.87
6882.0,1285.58,3596674.0,405870459.91,2324.53
7024.0,339.31,7717563.0,938040511.48,5372.41
4545.0,184.8,3502404.0,424848713.89,2433.22
2219.0,87.12,1676276.0,203372500.64,1164.77
3149.0,2367.8,1846823.0,161011130.66,922.15
1467.0,303.77,4850029.0,586989920.14,3361.85
3149.0,160.0,5519145.0,673125163.64,3855.17
6227.0,2862.4,3872846.0,396011482.54,2268.07
3387.0,349.06,2819086.0,336401254.3,1926.66
185.0,1.0,4496694.0,552015423.51,3161.54
3733.0,491.69,3988845.0,476049814.19,2726.47
5324.0,344.89,7103807.0,862536994.29,4939.98
3927.0,480.0,5167600.0,621085834.38,3557.13
4094.0,722.98,10009781.0,1208799471.1,6923.12
9368.0,2161.54,5913457.0,665981982.16,3814.26
4713.0,820.05,5095875.0,602842539.34,3452.64
6259.0,915.88,2930115.0,334300162.95,1914.63
9960.0,2788.71,8161961.0,924616141.63,5295.53
3140.0,234.93,3007134.0,362654845.92,2077.02
88752.0,16901.51,91276115.0,10736554346.67,61491.17
